{
  "version":  "2.5.0 (c26a8ef)",
  "energy":    -1.3560010393262021E-03,
  "partial charges": [
       -1.0431737696805861E-01,
       -1.0304375721613597E-01,
       -1.0447940663630760E-01,
       -1.0556355243945025E-01,
       -1.0335711607312660E-01,
       -1.0431085982201960E-01,
        1.0441820285541087E-01,
        1.0486306916259469E-01,
        1.0479631425231828E-01,
        1.0441976927804952E-01,
        1.0295854359150503E-01,
        1.0361617001522094E-01
  ],
  "dipole moment": [
       -1.0989810820986975E-02,
        1.3310104860422556E-03,
        3.5204338018478116E-03
  ]
}
