{
  "version":  "2.5.0 (c26a8ef)",
  "energy":    -1.2185150677059030E-03,
  "partial charges": [
       -9.7997773215331652E-02,
       -9.5633175105369728E-02,
        1.1249597042904125E-01,
       -9.7164259634746064E-02,
        1.0903004731694468E-01,
        4.6840983544602449E-02,
        1.2061721391719613E-01,
       -3.7735645657261552E-01,
        4.8273896231735280E-02,
        1.2112087173421907E-01,
        1.0977268135432547E-01
  ],
  "dipole moment": [
       -6.5492766986604778E-01,
       -4.5741660766713266E-01,
       -1.3413204550129088E-01
  ]
}
