{
  "version":  "2.5.0 (c26a8ef)",
  "energy":    -1.0209757428908404E-04,
  "partial charges": [
        8.3158477940561415E-02,
       -3.3294936229146921E-01,
        8.3125052232539270E-02,
        8.3664231363901137E-02,
        8.3001600754467164E-02
  ],
  "dipole moment": [
       -2.3967293927834865E-03,
       -9.8786738876414926E-03,
        4.7368199679655859E-03
  ]
}
