{
  "version":  "2.5.0 (c26a8ef)",
  "energy":    -1.0204085187364780E-04,
  "partial charges": [
        8.3867885526467179E-02,
       -3.3380851731588157E-01,
        8.3446772525895802E-02,
        8.3246929631759614E-02,
        8.3246929631759725E-02
  ],
  "dipole moment": [
        8.1766853480587931E-03,
        1.6653345369377348E-16,
       -5.7635443708909939E-03
  ]
}
