{
  "version":  "2.5.0 (c26a8ef)",
  "energy":    -5.2657224821519872E-04,
  "partial charges": [
       -3.5752687660628990E-01,
        8.6678358851818071E-02,
       -8.1811743505865397E-02,
       -1.8744083443714166E-01,
        1.3328225964079962E-01,
        1.3865569432031721E-01,
        1.3636070424135935E-01,
        1.3180243749500273E-01
  ],
  "dipole moment": [
       -1.1340924920422242E+00,
        8.2764444283419358E-01,
       -5.6027275440331559E-01
  ]
}
