{
  "version":  "2.5.0 (c26a8ef)",
  "energy":    -1.0238018691311627E-04,
  "partial charges": [
        8.3480972262799866E-02,
       -3.2927225655970704E-01,
        8.3166839787702063E-02,
        7.9744356259978513E-02,
        8.2880088249226741E-02
  ],
  "dipole moment": [
        3.6437675950431181E-03,
        9.8086971279242319E-03,
       -2.2317207951546847E-03
  ]
}
