{
  "version":  "2.5.0 (c26a8ef)",
  "energy":    -1.0219265084316245E-04,
  "partial charges": [
        8.2846673821507011E-02,
       -3.3153593775469981E-01,
        8.2865621500217118E-02,
        8.2654002810362545E-02,
        8.3169639622612701E-02
  ],
  "dipole moment": [
       -6.1449548613676241E-03,
       -7.8684818366336895E-04,
        8.7123200214090230E-03
  ]
}
